timestamp,unit_id,unit_type,empire_or_resistance,location_x,location_y,destination_x,destination_y,homeworld
2024-02-07 11:27:08,1,unknown,empire,7,8,8,5,Muunilinst
2024-02-07 11:27:07,2,unknown,resistance,6,3,5,4,Eriadu
2024-02-07 11:27:06,3,stormtrooper,empire,1,9,4,8,Skako
2024-02-07 11:27:05,4,tie_fighter,resistance,7,10,4,5,Sullust
2024-02-07 11:27:04,5,tie_fighter,resistance,6,3,7,1,Umbara
2024-02-07 11:27:03,6,at-st,resistance,4,9,3,2,Toydaria
2024-02-07 11:27:02,7,tie_silencer,empire,5,3,2,1,Kalee
2024-02-07 11:27:01,8,at-st,empire,4,1,10,3,Skako
2024-02-07 11:27:00,9,unknown,empire,2,4,5,3,Stewjon
2024-02-07 11:26:59,10,tie_silencer,empire,1,2,7,10,Stewjon
2024-02-07 11:26:58,11,x-wing,resistance,9,4,3,8,Champala
2024-02-07 11:26:57,12,unknown,empire,3,1,5,6,Serenno
2024-02-07 11:26:56,13,resistance_soldier,resistance,7,7,6,3,Bestine IV
2024-02-07 11:26:55,14,at-at,resistance,8,2,5,7,Naboo
2024-02-07 11:26:54,15,at-at,empire,3,9,2,5,Malastare
2024-02-07 11:26:53,16,unknown,empire,5,2,3,2,Dagobah
2024-02-07 11:26:52,17,at-st,resistance,4,8,3,4,Dathomir
2024-02-07 11:26:51,18,tie_silencer,resistance,6,5,10,5,Aleen Minor
2024-02-07 11:26:50,19,unknown,empire,6,1,9,4,Tatooine
2024-02-07 11:26:49,20,tie_fighter,empire,4,2,9,8,Corellia
2024-02-07 11:26:48,21,tie_fighter,empire,7,10,4,3,Trandosha
2024-02-07 11:26:47,22,tie_silencer,resistance,8,6,2,9,Sullust
2024-02-07 11:26:46,23,tie_silencer,resistance,4,7,9,1,Tatooine
2024-02-07 11:26:45,24,unknown,resistance,8,2,3,2,Skako
2024-02-07 11:26:44,25,stormtrooper,resistance,5,3,8,10,Trandosha
2024-02-07 11:26:43,26,resistance_soldier,resistance,9,6,6,1,Iktotch
2024-02-07 11:26:42,27,at-at,empire,9,9,3,2,Concord Dawn
2024-02-07 11:26:41,28,tie_silencer,resistance,2,6,1,5,Cerea
2024-02-07 11:26:40,29,tie_fighter,resistance,8,1,4,5,Shili
2024-02-07 11:26:39,30,at-at,resistance,8,1,3,5,Vulpter
2024-02-07 11:26:38,31,at-st,empire,1,4,1,3,Tatooine
2024-02-07 11:26:37,32,unknown,resistance,1,4,7,5,Sullust
2024-02-07 11:26:36,33,unknown,resistance,1,5,5,4,Cerea
2024-02-07 11:26:35,34,stormtrooper,resistance,3,10,10,8,Umbara
2024-02-07 11:26:34,35,unknown,resistance,8,3,1,9,Haruun Kal
2024-02-07 11:26:33,36,stormtrooper,resistance,4,3,7,9,Zolan
2024-02-07 11:26:32,37,at-at,empire,8,5,3,3,Stewjon
2024-02-07 11:26:31,38,unknown,empire,5,1,4,8,Naboo
2024-02-07 11:26:30,39,x-wing,resistance,1,8,2,8,Dathomir
2024-02-07 11:26:29,40,at-st,resistance,6,3,9,4,Alderaan
2024-02-07 11:26:28,41,at-st,empire,1,5,5,9,Aleen Minor
2024-02-07 11:26:27,42,x-wing,resistance,6,9,3,4,Mirial
2024-02-07 11:26:26,43,at-st,resistance,1,8,3,5,Malastare
2024-02-07 11:26:25,44,at-at,empire,2,2,10,7,Tholoth
2024-02-07 11:26:24,45,tie_fighter,empire,7,8,10,10,Concord Dawn
2024-02-07 11:26:23,46,unknown,resistance,8,6,7,7,Tatooine
2024-02-07 11:26:22,47,x-wing,empire,6,8,6,3,Aleen Minor
2024-02-07 11:26:21,48,tie_silencer,resistance,1,3,6,5,Kashyyyk
2024-02-07 11:26:20,49,at-st,empire,2,2,8,8,Trandosha
2024-02-07 11:26:19,50,tie_fighter,empire,1,4,6,6,Rodia
2024-02-07 11:26:18,51,resistance_soldier,empire,4,3,5,10,Champala
2024-02-07 11:26:17,52,at-st,resistance,8,9,10,8,Socorro
2024-02-07 11:26:16,53,tie_silencer,resistance,1,3,5,4,Socorro
2024-02-07 11:26:15,54,stormtrooper,resistance,10,2,4,1,Quermia
2024-02-07 11:26:14,55,tie_silencer,resistance,4,9,7,3,Socorro
2024-02-07 11:26:13,56,tie_silencer,empire,9,10,8,5,Glee Anselm
2024-02-07 11:26:12,57,resistance_soldier,empire,4,3,7,5,Concord Dawn
2024-02-07 11:26:11,58,at-st,empire,6,5,1,5,Cerea
2024-02-07 11:26:10,59,unknown,resistance,9,6,10,5,Socorro
2024-02-07 11:26:09,60,tie_fighter,resistance,10,7,9,3,Cerea
2024-02-07 11:26:08,61,stormtrooper,resistance,10,9,5,3,Chandrila
2024-02-07 11:26:07,62,at-at,resistance,6,8,1,5,Umbara
2024-02-07 11:26:06,63,at-st,empire,10,9,8,7,Tund
2024-02-07 11:26:05,64,at-st,resistance,1,1,7,5,Shili
2024-02-07 11:26:04,65,resistance_soldier,empire,7,7,6,6,Tholoth
2024-02-07 11:26:03,66,at-st,empire,10,5,7,8,Trandosha
2024-02-07 11:26:02,67,stormtrooper,resistance,6,4,9,10,Champala
2024-02-07 11:26:01,68,at-st,resistance,6,7,8,1,Sullust
2024-02-07 11:26:00,69,resistance_soldier,resistance,6,7,8,2,Malastare
2024-02-07 11:25:59,70,resistance_soldier,resistance,8,10,6,9,Ryloth
2024-02-07 11:25:58,71,tie_fighter,empire,2,2,7,6,Skako
2024-02-07 11:25:57,72,tie_silencer,resistance,6,9,10,10,Tatooine
2024-02-07 11:25:56,73,tie_fighter,resistance,5,4,4,9,Sullust
2024-02-07 11:25:55,74,at-st,empire,8,2,4,5,Aleen Minor
2024-02-07 11:25:54,75,at-at,empire,3,8,5,9,Socorro
2024-02-07 11:25:53,76,at-st,empire,1,7,3,9,Muunilinst
2024-02-07 11:25:52,77,tie_silencer,resistance,6,3,2,1,Quermia
2024-02-07 11:25:51,78,tie_fighter,resistance,3,5,3,9,Mirial
2024-02-07 11:25:50,79,stormtrooper,resistance,7,2,3,4,Champala
2024-02-07 11:25:49,80,at-st,empire,10,8,8,9,Socorro
2024-02-07 11:25:48,81,resistance_soldier,empire,9,4,6,10,Tholoth
2024-02-07 11:25:47,82,at-st,resistance,5,1,9,7,Iktotch
2024-02-07 11:25:46,83,tie_silencer,resistance,9,4,8,2,Chandrila
2024-02-07 11:25:45,84,resistance_soldier,empire,3,7,7,8,Aleen Minor
2024-02-07 11:25:44,85,tie_fighter,resistance,1,6,10,2,Dagobah
2024-02-07 11:25:43,86,stormtrooper,empire,10,9,7,8,Iktotch
2024-02-07 11:25:42,87,stormtrooper,resistance,9,10,10,10,Tholoth
2024-02-07 11:25:41,88,at-at,resistance,10,2,9,8,Vulpter
2024-02-07 11:25:40,89,tie_silencer,resistance,1,8,3,7,Alderaan
2024-02-07 11:25:39,90,resistance_soldier,empire,5,2,9,5,Malastare
2024-02-07 11:25:38,91,x-wing,resistance,5,5,4,2,Ojom
2024-02-07 11:25:37,92,tie_silencer,empire,1,10,10,5,Tund
2024-02-07 11:25:36,93,resistance_soldier,resistance,4,9,5,10,Mon Cala
2024-02-07 11:25:35,94,tie_fighter,resistance,1,9,5,6,Kashyyyk
2024-02-07 11:25:34,95,x-wing,empire,7,8,2,3,Zolan
2024-02-07 11:25:33,96,stormtrooper,empire,7,5,10,4,Trandosha
2024-02-07 11:25:32,97,unknown,empire,3,5,1,4,Toydaria
2024-02-07 11:25:31,98,at-at,resistance,8,7,5,9,Shili
2024-02-07 11:25:30,99,stormtrooper,resistance,7,6,5,5,Tatooine
2024-02-07 11:25:29,100,unknown,resistance,2,4,9,3,Mon Cala
2024-02-07 11:25:28,101,tie_silencer,resistance,10,10,10,7,Mirial
2024-02-07 11:25:27,102,at-at,empire,1,7,7,4,Ojom
2024-02-07 11:25:26,103,resistance_soldier,empire,3,10,2,4,Serenno
2024-02-07 11:25:25,104,unknown,resistance,10,3,7,3,Naboo
2024-02-07 11:25:24,105,tie_fighter,resistance,1,6,9,7,Ryloth
2024-02-07 11:25:23,106,at-st,resistance,2,3,2,10,Alderaan
2024-02-07 11:25:22,107,x-wing,resistance,5,1,5,10,Chandrila
2024-02-07 11:25:21,108,resistance_soldier,resistance,3,6,2,5,Shili
2024-02-07 11:25:20,109,unknown,resistance,3,10,1,5,Alderaan
2024-02-07 11:25:19,110,tie_fighter,resistance,10,7,8,6,Socorro
2024-02-07 11:25:18,111,unknown,empire,1,1,6,10,Toydaria
2024-02-07 11:25:17,112,x-wing,empire,6,3,7,4,Tund
2024-02-07 11:25:16,113,tie_fighter,empire,3,8,8,4,Ojom
2024-02-07 11:25:15,114,tie_silencer,empire,6,2,10,1,Concord Dawn
2024-02-07 11:25:14,115,tie_fighter,empire,5,6,7,5,Dagobah
2024-02-07 11:25:13,116,stormtrooper,empire,2,2,1,3,Aleen Minor
2024-02-07 11:25:12,117,x-wing,empire,9,5,3,6,Serenno
2024-02-07 11:25:11,118,unknown,empire,9,8,1,1,Dathomir
2024-02-07 11:25:10,119,tie_fighter,empire,10,10,1,3,Trandosha
2024-02-07 11:25:09,120,at-st,empire,6,10,7,2,Glee Anselm
2024-02-07 11:25:08,121,at-st,resistance,9,3,5,5,Ojom
2024-02-07 11:25:07,122,resistance_soldier,empire,10,5,2,5,Vulpter
2024-02-07 11:25:06,123,tie_silencer,empire,7,10,9,1,Cerea
2024-02-07 11:25:05,124,x-wing,resistance,2,5,3,5,Chandrila
2024-02-07 11:25:04,125,x-wing,empire,1,7,4,10,Quermia
2024-02-07 11:25:03,126,at-at,resistance,7,9,5,10,Zolan
2024-02-07 11:25:02,127,stormtrooper,empire,8,5,9,1,Stewjon
2024-02-07 11:25:01,128,tie_silencer,resistance,6,5,6,6,Cerea
2024-02-07 11:25:00,129,x-wing,empire,7,2,8,6,Muunilinst
2024-02-07 11:24:59,130,at-st,resistance,6,10,3,1,Zolan
2024-02-07 11:24:58,131,resistance_soldier,empire,8,10,3,7,Corellia
2024-02-07 11:24:57,132,resistance_soldier,empire,10,10,9,4,Socorro
2024-02-07 11:24:56,133,at-at,resistance,6,1,2,7,Skako
2024-02-07 11:24:55,134,tie_fighter,empire,4,10,1,9,Tatooine
2024-02-07 11:24:54,135,resistance_soldier,empire,8,5,2,3,Tholoth
2024-02-07 11:24:53,136,resistance_soldier,empire,7,9,3,3,Troiken
2024-02-07 11:24:52,137,tie_fighter,empire,6,2,4,2,Iridonia
2024-02-07 11:24:51,138,resistance_soldier,resistance,8,6,6,6,Quermia
2024-02-07 11:24:50,139,at-st,resistance,4,6,4,2,Dagobah
2024-02-07 11:24:49,140,stormtrooper,empire,9,2,5,6,Quermia
2024-02-07 11:24:48,141,tie_silencer,empire,9,4,1,4,Skako
2024-02-07 11:24:47,142,x-wing,empire,1,10,4,3,Stewjon
2024-02-07 11:24:46,143,resistance_soldier,resistance,9,7,3,1,Aleen Minor
2024-02-07 11:24:45,144,resistance_soldier,resistance,8,10,5,7,Stewjon
2024-02-07 11:24:44,145,tie_fighter,empire,3,4,10,6,Trandosha
2024-02-07 11:24:43,146,resistance_soldier,empire,4,2,1,6,Tund
2024-02-07 11:24:42,147,at-st,resistance,7,2,10,3,Kashyyyk
2024-02-07 11:24:41,148,stormtrooper,empire,9,9,7,1,Concord Dawn
2024-02-07 11:24:40,149,x-wing,resistance,7,6,1,4,Naboo
2024-02-07 11:24:39,150,tie_fighter,empire,2,10,2,8,Tund
2024-02-07 11:24:38,151,at-at,empire,3,2,3,7,Aleen Minor
2024-02-07 11:24:37,152,tie_fighter,empire,10,9,9,5,Shili
2024-02-07 11:24:36,153,x-wing,resistance,4,6,6,10,Zolan
2024-02-07 11:24:35,154,tie_silencer,resistance,1,4,4,6,Alderaan
2024-02-07 11:24:34,155,unknown,empire,4,1,7,2,Tholoth
2024-02-07 11:24:33,156,unknown,empire,10,8,2,8,Stewjon
2024-02-07 11:24:32,157,stormtrooper,empire,4,3,10,1,Serenno
2024-02-07 11:24:31,158,tie_fighter,empire,6,6,7,6,Skako
2024-02-07 11:24:30,159,resistance_soldier,resistance,2,7,1,3,Dathomir
2024-02-07 11:24:29,160,resistance_soldier,resistance,10,1,10,5,Iktotch
2024-02-07 11:24:28,161,stormtrooper,resistance,2,2,2,1,Tholoth
2024-02-07 11:24:27,162,x-wing,resistance,2,1,7,8,Aleen Minor
2024-02-07 11:24:26,163,unknown,resistance,5,5,6,2,Rodia
2024-02-07 11:24:25,164,at-at,empire,6,5,3,10,Muunilinst
2024-02-07 11:24:24,165,resistance_soldier,resistance,3,9,5,2,Socorro
2024-02-07 11:24:23,166,unknown,empire,3,4,9,9,Tholoth
2024-02-07 11:24:22,167,tie_fighter,resistance,9,8,8,7,Socorro
2024-02-07 11:24:21,168,unknown,resistance,5,8,2,4,Mon Cala
2024-02-07 11:24:20,169,unknown,empire,7,10,5,1,Serenno
2024-02-07 11:24:19,170,at-at,resistance,6,5,7,7,Aleen Minor
2024-02-07 11:24:18,171,tie_silencer,resistance,7,10,1,9,Mirial
2024-02-07 11:24:17,172,tie_silencer,empire,8,10,4,5,Dorin
2024-02-07 11:24:16,173,at-st,resistance,6,4,10,2,Dathomir
2024-02-07 11:24:15,174,stormtrooper,empire,5,6,7,6,Socorro
2024-02-07 11:24:14,175,tie_silencer,resistance,10,4,4,3,Sullust
2024-02-07 11:24:13,176,at-st,resistance,2,4,8,4,Alderaan
2024-02-07 11:24:12,177,at-at,empire,5,6,10,10,Chandrila
2024-02-07 11:24:11,178,tie_fighter,empire,1,3,4,9,Kashyyyk
2024-02-07 11:24:10,179,at-at,resistance,2,9,6,3,Muunilinst
2024-02-07 11:24:09,180,resistance_soldier,empire,8,7,3,1,Quermia
2024-02-07 11:24:08,181,at-st,empire,5,5,1,10,Glee Anselm
2024-02-07 11:24:07,182,tie_silencer,empire,1,2,7,7,Corellia
2024-02-07 11:24:06,183,at-st,resistance,3,8,7,8,Kalee
2024-02-07 11:24:05,184,resistance_soldier,resistance,7,10,5,1,Mirial
2024-02-07 11:24:04,185,stormtrooper,resistance,3,8,6,10,Iktotch
2024-02-07 11:24:03,186,at-st,resistance,6,4,4,6,Umbara
2024-02-07 11:24:02,187,resistance_soldier,empire,5,1,10,4,Ojom
2024-02-07 11:24:01,188,tie_fighter,resistance,7,2,9,10,Zolan
2024-02-07 11:24:00,189,stormtrooper,resistance,8,3,4,10,Kalee
2024-02-07 11:23:59,190,unknown,resistance,1,7,10,9,Chandrila
2024-02-07 11:23:58,191,tie_silencer,resistance,10,7,8,6,Rodia
2024-02-07 11:23:57,192,at-st,empire,6,5,2,7,Malastare
2024-02-07 11:23:56,193,at-at,resistance,9,7,7,6,Chandrila
2024-02-07 11:23:55,194,stormtrooper,resistance,1,8,4,10,Mon Cala
2024-02-07 11:23:54,195,x-wing,resistance,4,3,9,2,Ojom
2024-02-07 11:23:53,196,stormtrooper,resistance,4,1,10,4,Vulpter
2024-02-07 11:23:52,197,x-wing,empire,7,1,7,5,Tholoth
2024-02-07 11:23:51,198,resistance_soldier,resistance,8,4,9,7,Vulpter
2024-02-07 11:23:50,199,stormtrooper,empire,2,7,5,8,Serenno
2024-02-07 11:23:49,200,at-at,empire,1,6,2,4,Serenno
2024-02-07 11:23:48,201,stormtrooper,resistance,10,9,1,1,Socorro
2024-02-07 11:23:47,202,resistance_soldier,empire,10,10,6,6,Dagobah
2024-02-07 11:23:46,203,x-wing,resistance,2,7,5,1,Tund
2024-02-07 11:23:45,204,resistance_soldier,resistance,5,1,2,9,Alderaan
2024-02-07 11:23:44,205,unknown,resistance,1,7,2,9,Vulpter
2024-02-07 11:23:43,206,tie_silencer,empire,2,9,8,9,Tatooine
2024-02-07 11:23:42,207,x-wing,resistance,5,6,6,8,Alderaan
2024-02-07 11:23:41,208,tie_fighter,empire,3,5,4,6,Skako
2024-02-07 11:23:40,209,unknown,resistance,9,5,4,4,Shili
2024-02-07 11:23:39,210,resistance_soldier,empire,6,10,6,5,Corellia
2024-02-07 11:23:38,211,stormtrooper,empire,5,2,9,3,Tund
2024-02-07 11:23:37,212,unknown,empire,8,1,2,1,Tund
2024-02-07 11:23:36,213,unknown,resistance,8,2,4,1,Champala
2024-02-07 11:23:35,214,at-at,resistance,5,9,2,7,Mirial
2024-02-07 11:23:34,215,tie_fighter,empire,8,9,6,4,Skako
2024-02-07 11:23:33,216,at-at,resistance,8,2,6,4,Aleen Minor
2024-02-07 11:23:32,217,x-wing,empire,3,1,2,10,Naboo
2024-02-07 11:23:31,218,at-at,empire,6,7,9,8,Kalee
2024-02-07 11:23:30,219,resistance_soldier,empire,7,9,6,5,Stewjon
2024-02-07 11:23:29,220,at-st,resistance,3,5,3,5,Naboo
2024-02-07 11:23:28,221,resistance_soldier,resistance,2,2,9,9,Socorro
2024-02-07 11:23:27,222,tie_silencer,empire,4,10,4,1,Haruun Kal
2024-02-07 11:23:26,223,at-at,resistance,6,4,1,5,Naboo
2024-02-07 11:23:25,224,tie_silencer,empire,7,5,2,7,Trandosha
2024-02-07 11:23:24,225,unknown,resistance,10,3,2,8,Ojom
2024-02-07 11:23:23,226,at-st,resistance,8,10,10,10,Dathomir
2024-02-07 11:23:22,227,at-at,empire,3,4,10,9,Iridonia
2024-02-07 11:23:21,228,x-wing,resistance,3,8,7,9,Tatooine
2024-02-07 11:23:20,229,tie_fighter,empire,4,6,3,3,Kalee
2024-02-07 11:23:19,230,x-wing,empire,7,2,6,6,Muunilinst
2024-02-07 11:23:18,231,tie_fighter,empire,9,1,5,4,Kalee
2024-02-07 11:23:17,232,tie_fighter,empire,2,5,6,5,Eriadu
2024-02-07 11:23:16,233,stormtrooper,empire,2,10,9,6,Chandrila
2024-02-07 11:23:15,234,x-wing,empire,6,4,7,10,Socorro
2024-02-07 11:23:14,235,resistance_soldier,empire,6,7,4,7,Vulpter
2024-02-07 11:23:13,236,stormtrooper,resistance,9,1,7,1,Concord Dawn
2024-02-07 11:23:12,237,at-st,empire,5,4,7,1,Ojom
2024-02-07 11:23:11,238,unknown,empire,6,7,6,10,Bestine IV
2024-02-07 11:23:10,239,tie_silencer,resistance,8,9,6,9,Shili
2024-02-07 11:23:09,240,tie_silencer,empire,3,10,4,5,Kalee
2024-02-07 11:23:08,241,x-wing,resistance,3,4,6,10,Haruun Kal
2024-02-07 11:23:07,242,resistance_soldier,resistance,8,8,9,6,Alderaan
2024-02-07 11:23:06,243,x-wing,empire,10,10,2,3,Tund
2024-02-07 11:23:05,244,resistance_soldier,empire,5,10,2,8,Haruun Kal
2024-02-07 11:23:04,245,x-wing,resistance,3,4,8,7,Naboo
2024-02-07 11:23:03,246,stormtrooper,empire,5,7,8,10,Haruun Kal
2024-02-07 11:23:02,247,tie_silencer,resistance,3,2,10,5,Alderaan
2024-02-07 11:23:01,248,unknown,empire,10,3,2,3,Corellia
2024-02-07 11:23:00,249,unknown,resistance,4,9,2,1,Haruun Kal
2024-02-07 11:22:59,250,at-at,resistance,2,1,2,9,Cerea
2024-02-07 11:22:58,251,at-at,empire,3,6,5,10,Eriadu
2024-02-07 11:22:57,252,x-wing,resistance,3,10,5,5,Champala
2024-02-07 11:22:56,253,tie_silencer,empire,4,1,6,3,Mirial
2024-02-07 11:22:55,254,tie_silencer,resistance,10,10,7,8,Champala
2024-02-07 11:22:54,255,at-at,empire,6,2,2,9,Haruun Kal
2024-02-07 11:22:53,256,tie_silencer,empire,2,2,6,7,Socorro
2024-02-07 11:22:52,257,stormtrooper,resistance,8,3,10,5,Chandrila
2024-02-07 11:22:51,258,stormtrooper,resistance,10,1,10,7,Shili
2024-02-07 11:22:50,259,unknown,resistance,10,2,4,3,Alderaan
2024-02-07 11:22:49,260,at-at,empire,6,4,6,7,Zolan
2024-02-07 11:22:48,261,resistance_soldier,empire,6,1,7,4,Dagobah
2024-02-07 11:22:47,262,stormtrooper,empire,5,7,3,5,Chandrila
2024-02-07 11:22:46,263,stormtrooper,empire,1,10,4,6,Troiken
2024-02-07 11:22:45,264,x-wing,empire,7,6,9,4,Chandrila
2024-02-07 11:22:44,265,unknown,empire,1,5,4,8,Rodia
2024-02-07 11:22:43,266,stormtrooper,resistance,9,8,4,7,Tatooine
2024-02-07 11:22:42,267,tie_silencer,resistance,6,3,7,4,Dathomir
2024-02-07 11:22:41,268,tie_silencer,resistance,10,4,9,1,Dathomir
2024-02-07 11:22:40,269,at-st,resistance,7,6,3,5,Kalee
2024-02-07 11:22:39,270,at-st,empire,9,10,3,10,Serenno
2024-02-07 11:22:38,271,at-at,empire,7,5,7,2,Aleen Minor
2024-02-07 11:22:37,272,at-at,resistance,2,3,4,6,Tatooine
2024-02-07 11:22:36,273,unknown,empire,9,3,5,5,Zolan
2024-02-07 11:22:35,274,resistance_soldier,resistance,10,4,4,3,Umbara
2024-02-07 11:22:34,275,tie_silencer,empire,8,2,6,10,Umbara
2024-02-07 11:22:33,276,resistance_soldier,empire,3,1,3,1,Naboo
2024-02-07 11:22:32,277,x-wing,empire,7,3,3,6,Eriadu
2024-02-07 11:22:31,278,resistance_soldier,empire,2,10,6,2,Muunilinst
2024-02-07 11:22:30,279,stormtrooper,resistance,4,6,5,7,Troiken
2024-02-07 11:22:29,280,unknown,empire,5,9,3,3,Toydaria
2024-02-07 11:22:28,281,resistance_soldier,empire,10,6,3,7,Corellia
2024-02-07 11:22:27,282,tie_fighter,empire,10,3,6,6,Dorin
2024-02-07 11:22:26,283,at-at,empire,8,2,6,3,Stewjon
2024-02-07 11:22:25,284,tie_fighter,empire,8,3,6,8,Concord Dawn
2024-02-07 11:22:24,285,at-at,empire,1,5,3,4,Skako
2024-02-07 11:22:23,286,tie_silencer,resistance,1,2,5,1,Kalee
2024-02-07 11:22:22,287,tie_silencer,resistance,7,5,6,5,Trandosha
2024-02-07 11:22:21,288,x-wing,empire,8,3,8,8,Tholoth
2024-02-07 11:22:20,289,resistance_soldier,resistance,1,5,7,1,Concord Dawn
2024-02-07 11:22:19,290,stormtrooper,empire,5,10,8,7,Tund
2024-02-07 11:22:18,291,x-wing,resistance,4,9,10,10,Mon Cala
2024-02-07 11:22:17,292,at-st,resistance,2,7,8,6,Haruun Kal
2024-02-07 11:22:16,293,at-st,empire,5,8,3,4,Ojom
2024-02-07 11:22:15,294,tie_fighter,empire,3,5,9,10,Muunilinst
2024-02-07 11:22:14,295,at-at,empire,5,9,7,10,Tund
2024-02-07 11:22:13,296,at-st,empire,9,8,7,5,Toydaria
2024-02-07 11:22:12,297,tie_silencer,resistance,8,4,5,10,Quermia
2024-02-07 11:22:11,298,resistance_soldier,resistance,5,4,10,1,Troiken
2024-02-07 11:22:10,299,at-at,resistance,10,2,5,2,Tholoth
2024-02-07 11:22:09,300,x-wing,resistance,7,7,6,7,Toydaria
2024-02-07 11:22:08,301,unknown,resistance,10,6,4,1,Quermia
2024-02-07 11:22:07,302,at-at,resistance,9,2,1,3,Chandrila
2024-02-07 11:22:06,303,resistance_soldier,resistance,4,6,3,5,Glee Anselm
2024-02-07 11:22:05,304,resistance_soldier,resistance,10,1,9,7,Bestine IV
2024-02-07 11:22:04,305,stormtrooper,empire,4,7,9,3,Tund
2024-02-07 11:22:03,306,at-st,resistance,5,8,8,3,Dorin
2024-02-07 11:22:02,307,tie_fighter,resistance,3,9,9,7,Malastare
2024-02-07 11:22:01,308,tie_silencer,empire,10,9,4,9,Tatooine
2024-02-07 11:22:00,309,unknown,empire,3,8,1,9,Toydaria
2024-02-07 11:21:59,310,x-wing,resistance,5,3,2,10,Dathomir
2024-02-07 11:21:58,311,stormtrooper,resistance,2,5,4,3,Socorro
2024-02-07 11:21:57,312,tie_silencer,empire,6,7,10,5,Eriadu
2024-02-07 11:21:56,313,resistance_soldier,empire,7,3,6,2,Trandosha
2024-02-07 11:21:55,314,at-st,empire,3,1,2,2,Vulpter
2024-02-07 11:21:54,315,at-st,empire,2,4,4,1,Glee Anselm
2024-02-07 11:21:53,316,at-st,empire,4,3,5,1,Muunilinst
2024-02-07 11:21:52,317,tie_silencer,empire,10,1,4,1,Tatooine
2024-02-07 11:21:51,318,stormtrooper,empire,7,9,9,1,Corellia
2024-02-07 11:21:50,319,stormtrooper,resistance,5,2,10,6,Kashyyyk
2024-02-07 11:21:49,320,stormtrooper,empire,4,3,7,2,Dorin
2024-02-07 11:21:48,321,unknown,resistance,1,7,9,3,Toydaria
2024-02-07 11:21:47,322,tie_silencer,empire,8,10,4,6,Haruun Kal
2024-02-07 11:21:46,323,at-at,empire,9,1,8,9,Iridonia
2024-02-07 11:21:45,324,at-at,resistance,2,4,1,6,Iridonia
2024-02-07 11:21:44,325,x-wing,resistance,4,1,3,6,Ryloth
2024-02-07 11:21:43,326,resistance_soldier,empire,10,4,4,9,Mirial
2024-02-07 11:21:42,327,stormtrooper,empire,3,2,8,5,Tund
2024-02-07 11:21:41,328,tie_fighter,resistance,1,1,1,8,Sullust
2024-02-07 11:21:40,329,at-st,resistance,1,4,9,1,Umbara
2024-02-07 11:21:39,330,unknown,empire,6,9,10,3,Naboo
2024-02-07 11:21:38,331,tie_fighter,resistance,6,1,10,10,Glee Anselm
2024-02-07 11:21:37,332,tie_silencer,empire,7,2,5,4,Bestine IV
2024-02-07 11:21:36,333,stormtrooper,empire,2,6,7,8,Concord Dawn
2024-02-07 11:21:35,334,x-wing,resistance,1,6,7,1,Ojom
2024-02-07 11:21:34,335,tie_silencer,empire,3,4,9,8,Ryloth
2024-02-07 11:21:33,336,resistance_soldier,resistance,5,2,2,7,Haruun Kal
2024-02-07 11:21:32,337,at-at,empire,2,7,2,9,Tholoth
2024-02-07 11:21:31,338,at-st,resistance,6,7,10,4,Naboo
2024-02-07 11:21:30,339,at-at,resistance,5,7,3,5,Dathomir
2024-02-07 11:21:29,340,resistance_soldier,empire,8,6,6,10,Corellia
2024-02-07 11:21:28,341,at-at,resistance,8,8,3,10,Iktotch
2024-02-07 11:21:27,342,tie_fighter,empire,5,1,7,4,Ryloth
2024-02-07 11:21:26,343,tie_silencer,resistance,4,5,1,7,Dorin
2024-02-07 11:21:25,344,at-at,empire,5,4,7,8,Glee Anselm
2024-02-07 11:21:24,345,at-at,empire,7,1,6,10,Tund
2024-02-07 11:21:23,346,resistance_soldier,empire,10,5,6,7,Kashyyyk
2024-02-07 11:21:22,347,stormtrooper,resistance,2,2,1,4,Champala
2024-02-07 11:21:21,348,unknown,resistance,6,3,7,6,Quermia
2024-02-07 11:21:20,349,resistance_soldier,empire,5,3,6,6,Rodia
2024-02-07 11:21:19,350,tie_fighter,resistance,1,4,7,3,Umbara
2024-02-07 11:21:18,351,stormtrooper,empire,1,1,3,10,Iridonia
2024-02-07 11:21:17,352,at-at,empire,9,9,9,3,Quermia
2024-02-07 11:21:16,353,at-at,resistance,7,1,10,9,Skako
2024-02-07 11:21:15,354,stormtrooper,empire,3,8,8,5,Mirial
2024-02-07 11:21:14,355,unknown,resistance,8,2,3,3,Glee Anselm
2024-02-07 11:21:13,356,at-st,resistance,6,7,4,1,Troiken
2024-02-07 11:21:12,357,tie_silencer,resistance,6,6,1,6,Bestine IV
2024-02-07 11:21:11,358,at-st,empire,8,6,3,9,Bestine IV
2024-02-07 11:21:10,359,stormtrooper,empire,2,6,4,8,Serenno
2024-02-07 11:21:09,360,stormtrooper,empire,7,10,4,2,Champala
2024-02-07 11:21:08,361,stormtrooper,empire,5,7,1,5,Toydaria
2024-02-07 11:21:07,362,unknown,empire,7,5,9,8,Muunilinst
2024-02-07 11:21:06,363,stormtrooper,empire,1,7,5,8,Dathomir
2024-02-07 11:21:05,364,x-wing,resistance,5,9,7,6,Ryloth
2024-02-07 11:21:04,365,at-at,resistance,10,8,8,4,Haruun Kal
2024-02-07 11:21:03,366,x-wing,resistance,8,5,2,3,Ojom
2024-02-07 11:21:02,367,unknown,resistance,6,7,6,4,Ryloth
2024-02-07 11:21:01,368,at-at,resistance,5,3,5,10,Rodia
2024-02-07 11:21:00,369,at-at,resistance,1,7,10,1,Zolan
2024-02-07 11:20:59,370,unknown,resistance,3,9,7,5,Mirial
2024-02-07 11:20:58,371,at-at,empire,2,4,5,4,Mirial
2024-02-07 11:20:57,372,tie_silencer,resistance,7,1,4,7,Eriadu
2024-02-07 11:20:56,373,resistance_soldier,resistance,5,2,10,2,Aleen Minor
2024-02-07 11:20:55,374,at-st,resistance,1,1,3,8,Kashyyyk
2024-02-07 11:20:54,375,stormtrooper,resistance,1,7,6,2,Rodia
2024-02-07 11:20:53,376,tie_silencer,resistance,3,7,1,7,Cerea
2024-02-07 11:20:52,377,tie_fighter,resistance,7,3,5,5,Concord Dawn
2024-02-07 11:20:51,378,unknown,resistance,7,2,9,7,Quermia
2024-02-07 11:20:50,379,x-wing,empire,4,2,3,6,Ojom
2024-02-07 11:20:49,380,tie_silencer,resistance,10,7,10,6,Socorro
2024-02-07 11:20:48,381,x-wing,empire,2,7,4,3,Skako
2024-02-07 11:20:47,382,x-wing,empire,8,7,8,9,Concord Dawn
2024-02-07 11:20:46,383,tie_fighter,resistance,5,9,2,10,Alderaan
2024-02-07 11:20:45,384,tie_fighter,resistance,8,2,5,4,Bestine IV
2024-02-07 11:20:44,385,x-wing,resistance,9,9,4,3,Ryloth
2024-02-07 11:20:43,386,resistance_soldier,empire,1,5,1,10,Serenno
2024-02-07 11:20:42,387,tie_fighter,empire,3,5,7,1,Cerea
2024-02-07 11:20:41,388,at-at,empire,8,10,4,6,Rodia
2024-02-07 11:20:40,389,x-wing,resistance,10,4,5,7,Dathomir
2024-02-07 11:20:39,390,stormtrooper,empire,2,2,10,6,Stewjon
2024-02-07 11:20:38,391,x-wing,empire,10,2,5,9,Stewjon
2024-02-07 11:20:37,392,resistance_soldier,resistance,5,6,5,4,Dorin
2024-02-07 11:20:36,393,x-wing,empire,6,5,7,4,Kalee
2024-02-07 11:20:35,394,stormtrooper,resistance,3,9,3,6,Mirial
2024-02-07 11:20:34,395,unknown,empire,7,8,8,5,Tholoth
2024-02-07 11:20:33,396,resistance_soldier,resistance,3,8,6,10,Cerea
2024-02-07 11:20:32,397,at-at,resistance,5,7,1,8,Socorro
2024-02-07 11:20:31,398,x-wing,empire,5,3,6,1,Muunilinst
2024-02-07 11:20:30,399,unknown,empire,1,9,9,7,Iktotch
2024-02-07 11:20:29,400,unknown,resistance,3,3,3,9,Zolan
2024-02-07 11:20:28,401,at-st,empire,1,3,4,4,Tund
2024-02-07 11:20:27,402,resistance_soldier,empire,4,6,6,4,Malastare
2024-02-07 11:20:26,403,unknown,resistance,4,6,3,10,Dathomir
2024-02-07 11:20:25,404,stormtrooper,resistance,5,2,10,10,Haruun Kal
2024-02-07 11:20:24,405,at-at,resistance,6,5,8,3,Cerea
2024-02-07 11:20:23,406,at-st,empire,4,6,4,2,Tund
2024-02-07 11:20:22,407,unknown,empire,5,10,6,4,Haruun Kal
2024-02-07 11:20:21,408,resistance_soldier,empire,8,10,9,5,Trandosha
2024-02-07 11:20:20,409,x-wing,empire,2,1,1,2,Dagobah
2024-02-07 11:20:19,410,tie_silencer,empire,7,3,1,10,Tholoth
2024-02-07 11:20:18,411,stormtrooper,empire,8,8,8,1,Ojom
2024-02-07 11:20:17,412,unknown,resistance,7,4,8,3,Mirial
2024-02-07 11:20:16,413,at-at,resistance,2,8,2,8,Toydaria
2024-02-07 11:20:15,414,resistance_soldier,empire,10,6,1,7,Stewjon
2024-02-07 11:20:14,415,at-st,empire,4,3,5,1,Dagobah
2024-02-07 11:20:13,416,stormtrooper,empire,8,9,3,3,Tund
2024-02-07 11:20:12,417,resistance_soldier,empire,1,3,10,2,Toydaria
2024-02-07 11:20:11,418,tie_fighter,empire,3,2,2,6,Muunilinst
2024-02-07 11:20:10,419,stormtrooper,empire,9,2,2,10,Tund
2024-02-07 11:20:09,420,unknown,empire,1,1,5,1,Eriadu
2024-02-07 11:20:08,421,resistance_soldier,empire,6,1,10,5,Corellia
2024-02-07 11:20:07,422,at-at,empire,2,7,5,8,Iktotch
2024-02-07 11:20:06,423,stormtrooper,empire,2,7,1,10,Trandosha
2024-02-07 11:20:05,424,resistance_soldier,resistance,7,6,9,4,Sullust
2024-02-07 11:20:04,425,unknown,empire,4,2,4,2,Tund
2024-02-07 11:20:03,426,tie_fighter,empire,6,6,4,7,Serenno
2024-02-07 11:20:02,427,resistance_soldier,empire,10,5,8,2,Serenno
2024-02-07 11:20:01,428,stormtrooper,resistance,5,10,1,6,Iktotch
2024-02-07 11:20:00,429,resistance_soldier,empire,1,3,7,8,Rodia
2024-02-07 11:19:59,430,tie_silencer,resistance,10,9,7,4,Kashyyyk
2024-02-07 11:19:58,431,at-st,empire,5,8,2,6,Dagobah
2024-02-07 11:19:57,432,unknown,resistance,5,2,8,4,Cerea
2024-02-07 11:19:56,433,tie_fighter,resistance,5,2,1,1,Mon Cala
2024-02-07 11:19:55,434,x-wing,empire,10,3,7,3,Mirial
2024-02-07 11:19:54,435,stormtrooper,empire,2,6,10,5,Rodia
2024-02-07 11:19:53,436,x-wing,empire,5,10,1,4,Umbara
2024-02-07 11:19:52,437,at-st,empire,6,3,5,4,Tund
2024-02-07 11:19:51,438,stormtrooper,resistance,3,6,7,9,Umbara
2024-02-07 11:19:50,439,at-st,empire,9,5,3,3,Shili
2024-02-07 11:19:49,440,unknown,empire,2,5,4,7,Stewjon
2024-02-07 11:19:48,441,stormtrooper,resistance,2,8,10,9,Socorro
2024-02-07 11:19:47,442,tie_fighter,empire,9,5,3,3,Tatooine
2024-02-07 11:19:46,443,unknown,empire,5,1,2,2,Bestine IV
2024-02-07 11:19:45,444,unknown,empire,6,5,9,9,Rodia
2024-02-07 11:19:44,445,at-st,empire,10,3,1,1,Trandosha
2024-02-07 11:19:43,446,unknown,resistance,7,5,10,1,Trandosha
2024-02-07 11:19:42,447,tie_fighter,empire,9,9,5,9,Dagobah
2024-02-07 11:19:41,448,at-st,resistance,2,2,5,6,Tholoth
2024-02-07 11:19:40,449,at-at,resistance,3,10,3,9,Socorro
2024-02-07 11:19:39,450,tie_silencer,empire,6,8,5,7,Ojom
2024-02-07 11:19:38,451,resistance_soldier,empire,7,5,2,1,Serenno
2024-02-07 11:19:37,452,x-wing,empire,9,5,3,8,Rodia
2024-02-07 11:19:36,453,at-st,empire,3,10,3,3,Haruun Kal
2024-02-07 11:19:35,454,unknown,resistance,6,6,8,10,Tatooine
2024-02-07 11:19:34,455,resistance_soldier,resistance,10,5,2,8,Mirial
2024-02-07 11:19:33,456,tie_silencer,empire,4,1,2,7,Eriadu
2024-02-07 11:19:32,457,stormtrooper,empire,5,3,7,10,Trandosha
2024-02-07 11:19:31,458,unknown,empire,7,9,3,5,Tund
2024-02-07 11:19:30,459,at-at,empire,2,3,6,2,Zolan
2024-02-07 11:19:29,460,stormtrooper,resistance,9,1,2,3,Muunilinst
2024-02-07 11:19:28,461,tie_silencer,empire,1,3,4,1,Aleen Minor
2024-02-07 11:19:27,462,tie_fighter,resistance,6,9,8,6,Glee Anselm
2024-02-07 11:19:26,463,x-wing,resistance,9,9,9,7,Haruun Kal
2024-02-07 11:19:25,464,tie_silencer,empire,6,1,7,6,Naboo
2024-02-07 11:19:24,465,tie_fighter,empire,6,6,5,9,Malastare
2024-02-07 11:19:23,466,tie_fighter,empire,3,6,2,8,Umbara
2024-02-07 11:19:22,467,stormtrooper,empire,3,6,7,1,Mon Cala
2024-02-07 11:19:21,468,stormtrooper,resistance,7,8,6,8,Mon Cala
2024-02-07 11:19:20,469,tie_fighter,resistance,5,6,4,2,Troiken
2024-02-07 11:19:19,470,tie_fighter,empire,3,4,5,1,Skako
2024-02-07 11:19:18,471,stormtrooper,resistance,1,8,5,6,Haruun Kal
2024-02-07 11:19:17,472,at-at,empire,1,5,8,1,Iktotch
2024-02-07 11:19:16,473,at-at,resistance,7,7,9,3,Ojom
2024-02-07 11:19:15,474,x-wing,empire,5,2,4,10,Naboo
2024-02-07 11:19:14,475,stormtrooper,resistance,7,5,3,6,Naboo
2024-02-07 11:19:13,476,stormtrooper,resistance,2,3,3,9,Haruun Kal
2024-02-07 11:19:12,477,at-at,empire,4,6,9,10,Glee Anselm
2024-02-07 11:19:11,478,tie_silencer,resistance,8,10,1,2,Socorro
2024-02-07 11:19:10,479,resistance_soldier,resistance,1,8,10,8,Serenno
2024-02-07 11:19:09,480,at-st,resistance,4,3,3,3,Glee Anselm
2024-02-07 11:19:08,481,at-at,empire,2,10,5,6,Vulpter
2024-02-07 11:19:07,482,x-wing,resistance,3,2,10,1,Shili
2024-02-07 11:19:06,483,resistance_soldier,empire,2,8,2,3,Mirial
2024-02-07 11:19:05,484,at-st,empire,8,1,6,5,Toydaria
2024-02-07 11:19:04,485,stormtrooper,resistance,6,7,7,2,Mon Cala
2024-02-07 11:19:03,486,tie_silencer,resistance,8,10,4,1,Sullust
2024-02-07 11:19:02,487,at-at,empire,8,5,2,4,Eriadu
2024-02-07 11:19:01,488,unknown,empire,9,3,1,3,Aleen Minor
2024-02-07 11:19:00,489,unknown,resistance,1,10,2,6,Socorro
2024-02-07 11:18:59,490,resistance_soldier,empire,5,7,2,10,Ryloth
2024-02-07 11:18:58,491,tie_silencer,resistance,2,4,6,6,Mon Cala
2024-02-07 11:18:57,492,resistance_soldier,empire,6,8,9,4,Corellia
2024-02-07 11:18:56,493,tie_silencer,empire,8,8,2,6,Tholoth
2024-02-07 11:18:55,494,unknown,empire,10,1,8,1,Mirial
2024-02-07 11:18:54,495,tie_fighter,empire,9,8,4,2,Corellia
2024-02-07 11:18:53,496,x-wing,resistance,10,7,8,6,Trandosha
2024-02-07 11:18:52,497,stormtrooper,empire,4,2,6,6,Toydaria
2024-02-07 11:18:51,498,unknown,empire,9,6,6,6,Stewjon
2024-02-07 11:18:50,499,unknown,resistance,3,2,1,2,Mon Cala
2024-02-07 11:18:49,500,resistance_soldier,resistance,8,1,2,4,Alderaan
2024-02-07 11:18:48,501,tie_fighter,resistance,8,2,4,5,Shili
2024-02-07 11:18:47,502,at-at,empire,4,9,3,1,Eriadu
2024-02-07 11:18:46,503,tie_silencer,empire,1,3,3,6,Stewjon
2024-02-07 11:18:45,504,resistance_soldier,empire,6,8,5,9,Tholoth
2024-02-07 11:18:44,505,resistance_soldier,resistance,6,3,8,10,Bestine IV
2024-02-07 11:18:43,506,x-wing,resistance,8,8,1,6,Concord Dawn
2024-02-07 11:18:42,507,tie_silencer,empire,3,8,2,3,Eriadu
2024-02-07 11:18:41,508,tie_fighter,empire,6,5,8,10,Corellia
2024-02-07 11:18:40,509,tie_silencer,empire,2,6,9,4,Socorro
2024-02-07 11:18:39,510,stormtrooper,empire,9,9,4,3,Dorin
2024-02-07 11:18:38,511,at-at,resistance,3,5,7,2,Umbara
2024-02-07 11:18:37,512,tie_silencer,resistance,5,4,8,4,Tatooine
2024-02-07 11:18:36,513,tie_fighter,resistance,2,1,6,4,Iridonia
2024-02-07 11:18:35,514,stormtrooper,empire,2,7,8,7,Corellia
2024-02-07 11:18:34,515,x-wing,empire,1,2,2,1,Dagobah
2024-02-07 11:18:33,516,at-st,resistance,1,8,9,3,Ojom
2024-02-07 11:18:32,517,at-at,empire,6,3,4,5,Stewjon
2024-02-07 11:18:31,518,stormtrooper,resistance,5,4,10,7,Chandrila
2024-02-07 11:18:30,519,at-at,empire,9,3,10,10,Trandosha
2024-02-07 11:18:29,520,x-wing,empire,3,6,2,3,Serenno
2024-02-07 11:18:28,521,x-wing,empire,3,7,7,4,Zolan
2024-02-07 11:18:27,522,x-wing,empire,8,2,7,1,Corellia
2024-02-07 11:18:26,523,stormtrooper,resistance,2,9,8,2,Champala
2024-02-07 11:18:25,524,at-at,resistance,5,1,10,6,Trandosha
2024-02-07 11:18:24,525,stormtrooper,resistance,4,4,8,4,Glee Anselm
2024-02-07 11:18:23,526,stormtrooper,resistance,2,5,1,1,Ojom
2024-02-07 11:18:22,527,tie_silencer,resistance,1,4,7,8,Naboo
2024-02-07 11:18:21,528,tie_silencer,empire,2,4,7,2,Skako
2024-02-07 11:18:20,529,at-at,empire,2,4,5,5,Rodia
2024-02-07 11:18:19,530,x-wing,empire,9,1,2,7,Tholoth
2024-02-07 11:18:18,531,at-at,empire,2,7,5,9,Kalee
2024-02-07 11:18:17,532,resistance_soldier,resistance,3,7,8,7,Bestine IV
2024-02-07 11:18:16,533,x-wing,empire,6,8,3,4,Trandosha
2024-02-07 11:18:15,534,tie_fighter,resistance,7,2,9,8,Glee Anselm
2024-02-07 11:18:14,535,unknown,resistance,4,10,9,9,Chandrila
2024-02-07 11:18:13,536,tie_silencer,empire,3,6,8,2,Eriadu
2024-02-07 11:18:12,537,at-at,resistance,6,10,7,4,Bestine IV
2024-02-07 11:18:11,538,tie_fighter,resistance,3,3,6,5,Mirial
2024-02-07 11:18:10,539,tie_silencer,empire,8,3,5,9,Aleen Minor
2024-02-07 11:18:09,540,at-at,empire,7,10,8,6,Dagobah
2024-02-07 11:18:08,541,at-at,resistance,7,3,1,4,Tholoth
2024-02-07 11:18:07,542,at-st,empire,6,10,2,4,Serenno
2024-02-07 11:18:06,543,x-wing,resistance,2,8,5,6,Dorin
2024-02-07 11:18:05,544,tie_silencer,empire,8,6,4,9,Ojom
2024-02-07 11:18:04,545,stormtrooper,resistance,7,2,9,6,Kashyyyk
2024-02-07 11:18:03,546,at-st,empire,6,2,2,5,Dorin
2024-02-07 11:18:02,547,x-wing,resistance,7,4,5,5,Tholoth
2024-02-07 11:18:01,548,tie_silencer,empire,10,4,5,3,Concord Dawn
2024-02-07 11:18:00,549,at-st,empire,5,9,2,6,Aleen Minor
2024-02-07 11:17:59,550,at-at,empire,1,8,8,1,Sullust
2024-02-07 11:17:58,551,tie_fighter,empire,8,6,3,4,Ojom
2024-02-07 11:17:57,552,stormtrooper,resistance,4,10,8,1,Dathomir
2024-02-07 11:17:56,553,resistance_soldier,empire,4,2,5,7,Corellia
2024-02-07 11:17:55,554,tie_silencer,empire,4,3,4,2,Muunilinst
2024-02-07 11:17:54,555,tie_silencer,resistance,7,10,8,5,Dathomir
2024-02-07 11:17:53,556,unknown,empire,5,7,6,9,Troiken
2024-02-07 11:17:52,557,stormtrooper,empire,7,10,4,10,Concord Dawn
2024-02-07 11:17:51,558,tie_fighter,empire,7,2,3,8,Chandrila
2024-02-07 11:17:50,559,unknown,empire,4,6,6,3,Tatooine
2024-02-07 11:17:49,560,resistance_soldier,resistance,9,1,7,1,Ryloth
2024-02-07 11:17:48,561,resistance_soldier,empire,1,9,3,10,Stewjon
2024-02-07 11:17:47,562,resistance_soldier,resistance,1,5,7,10,Rodia
2024-02-07 11:17:46,563,x-wing,resistance,7,5,6,10,Alderaan
2024-02-07 11:17:45,564,stormtrooper,empire,8,10,4,10,Trandosha
2024-02-07 11:17:44,565,x-wing,empire,3,9,5,5,Toydaria
2024-02-07 11:17:43,566,tie_silencer,resistance,5,6,3,7,Malastare
2024-02-07 11:17:42,567,at-at,empire,5,2,2,4,Troiken
2024-02-07 11:17:41,568,x-wing,resistance,7,1,5,6,Ryloth
2024-02-07 11:17:40,569,at-st,resistance,3,10,5,9,Dorin
2024-02-07 11:17:39,570,unknown,resistance,10,9,1,4,Cerea
2024-02-07 11:17:38,571,stormtrooper,resistance,10,5,4,7,Ojom
2024-02-07 11:17:37,572,tie_silencer,resistance,3,4,1,2,Kashyyyk
2024-02-07 11:17:36,573,tie_silencer,resistance,10,6,9,8,Champala
2024-02-07 11:17:35,574,tie_fighter,empire,2,8,5,4,Dagobah
2024-02-07 11:17:34,575,at-st,resistance,8,6,7,6,Toydaria
2024-02-07 11:17:33,576,x-wing,empire,3,8,2,4,Muunilinst
2024-02-07 11:17:32,577,unknown,resistance,3,8,9,6,Umbara
2024-02-07 11:17:31,578,stormtrooper,empire,4,6,4,5,Corellia
2024-02-07 11:17:30,579,stormtrooper,resistance,1,7,7,8,Alderaan
2024-02-07 11:17:29,580,unknown,resistance,9,10,8,3,Cerea
2024-02-07 11:17:28,581,stormtrooper,empire,7,9,5,7,Kashyyyk
2024-02-07 11:17:27,582,resistance_soldier,resistance,1,5,7,6,Naboo
2024-02-07 11:17:26,583,tie_silencer,resistance,5,8,10,4,Chandrila
2024-02-07 11:17:25,584,tie_silencer,resistance,7,10,1,2,Bestine IV
2024-02-07 11:17:24,585,tie_silencer,empire,10,8,1,7,Aleen Minor
2024-02-07 11:17:23,586,resistance_soldier,empire,3,2,2,8,Serenno
2024-02-07 11:17:22,587,at-st,empire,8,1,2,7,Champala
2024-02-07 11:17:21,588,x-wing,resistance,4,7,8,10,Dagobah
2024-02-07 11:17:20,589,unknown,empire,4,3,1,1,Serenno
2024-02-07 11:17:19,590,tie_silencer,resistance,7,4,10,9,Zolan
2024-02-07 11:17:18,591,unknown,empire,6,10,5,5,Tatooine
2024-02-07 11:17:17,592,x-wing,resistance,2,1,7,2,Kashyyyk
2024-02-07 11:17:16,593,tie_silencer,resistance,9,3,8,9,Socorro
2024-02-07 11:17:15,594,stormtrooper,resistance,2,2,1,5,Umbara
2024-02-07 11:17:14,595,stormtrooper,resistance,9,9,8,10,Ryloth
2024-02-07 11:17:13,596,at-at,resistance,8,9,7,10,Bestine IV
2024-02-07 11:17:12,597,x-wing,empire,7,5,7,4,Ojom
2024-02-07 11:17:11,598,tie_silencer,empire,4,6,2,5,Corellia
2024-02-07 11:17:10,599,tie_fighter,resistance,1,8,9,2,Naboo
2024-02-07 11:17:09,600,unknown,empire,1,1,9,9,Cerea
2024-02-07 11:17:08,601,tie_fighter,resistance,2,5,3,8,Ojom
2024-02-07 11:17:07,602,at-at,resistance,3,5,9,6,Skako
2024-02-07 11:17:06,603,at-at,resistance,5,8,5,10,Champala
2024-02-07 11:17:05,604,unknown,empire,6,1,7,2,Trandosha
2024-02-07 11:17:04,605,tie_fighter,empire,7,9,2,2,Ryloth
2024-02-07 11:17:03,606,stormtrooper,empire,7,7,6,5,Eriadu
2024-02-07 11:17:02,607,tie_fighter,empire,8,10,5,5,Dathomir
2024-02-07 11:17:01,608,stormtrooper,resistance,10,2,9,8,Glee Anselm
2024-02-07 11:17:00,609,x-wing,empire,5,4,1,1,Toydaria
2024-02-07 11:16:59,610,resistance_soldier,resistance,1,8,9,10,Naboo
2024-02-07 11:16:58,611,tie_fighter,empire,8,1,4,6,Concord Dawn
2024-02-07 11:16:57,612,stormtrooper,resistance,10,2,6,3,Champala
2024-02-07 11:16:56,613,x-wing,resistance,5,1,3,4,Ryloth
2024-02-07 11:16:55,614,x-wing,resistance,6,2,5,2,Alderaan
2024-02-07 11:16:54,615,tie_fighter,empire,5,6,5,6,Tund
2024-02-07 11:16:53,616,stormtrooper,empire,10,6,2,10,Vulpter
2024-02-07 11:16:52,617,at-st,empire,8,2,5,2,Troiken
2024-02-07 11:16:51,618,tie_silencer,resistance,5,6,5,2,Champala
2024-02-07 11:16:50,619,stormtrooper,empire,6,3,7,3,Vulpter
2024-02-07 11:16:49,620,resistance_soldier,resistance,1,7,3,5,Troiken
2024-02-07 11:16:48,621,at-at,resistance,5,10,5,7,Zolan
2024-02-07 11:16:47,622,tie_fighter,empire,3,8,6,8,Haruun Kal
2024-02-07 11:16:46,623,tie_silencer,resistance,7,8,7,4,Cerea
2024-02-07 11:16:45,624,x-wing,empire,10,2,3,5,Quermia
2024-02-07 11:16:44,625,tie_silencer,empire,4,8,4,7,Haruun Kal
2024-02-07 11:16:43,626,tie_silencer,resistance,8,10,4,7,Kalee
2024-02-07 11:16:42,627,tie_silencer,resistance,8,2,8,1,Dathomir
2024-02-07 11:16:41,628,at-at,resistance,9,4,1,9,Dagobah
2024-02-07 11:16:40,629,at-at,empire,4,2,5,3,Stewjon
2024-02-07 11:16:39,630,at-st,empire,5,4,8,3,Eriadu
2024-02-07 11:16:38,631,resistance_soldier,resistance,2,7,4,6,Glee Anselm
2024-02-07 11:16:37,632,resistance_soldier,empire,4,10,9,10,Skako
2024-02-07 11:16:36,633,at-st,resistance,2,4,5,10,Naboo
2024-02-07 11:16:35,634,stormtrooper,resistance,7,2,5,1,Aleen Minor
2024-02-07 11:16:34,635,at-at,empire,7,5,9,4,Eriadu
2024-02-07 11:16:33,636,stormtrooper,resistance,8,9,10,3,Troiken
2024-02-07 11:16:32,637,x-wing,resistance,10,5,5,4,Zolan
2024-02-07 11:16:31,638,tie_fighter,resistance,10,1,8,2,Chandrila
2024-02-07 11:16:30,639,stormtrooper,empire,7,8,3,10,Vulpter
2024-02-07 11:16:29,640,stormtrooper,empire,4,5,10,4,Toydaria
2024-02-07 11:16:28,641,at-st,resistance,1,7,8,9,Dathomir
2024-02-07 11:16:27,642,unknown,resistance,2,4,6,2,Umbara
2024-02-07 11:16:26,643,tie_silencer,empire,1,10,9,6,Dorin
2024-02-07 11:16:25,644,at-at,empire,2,4,6,1,Malastare
2024-02-07 11:16:24,645,stormtrooper,resistance,10,8,2,9,Chandrila
2024-02-07 11:16:23,646,tie_silencer,empire,9,2,4,5,Dagobah
2024-02-07 11:16:22,647,stormtrooper,empire,3,7,1,5,Iktotch
2024-02-07 11:16:21,648,x-wing,resistance,4,8,6,7,Dathomir
2024-02-07 11:16:20,649,stormtrooper,resistance,4,6,6,7,Vulpter
2024-02-07 11:16:19,650,tie_fighter,empire,3,3,7,9,Bestine IV
2024-02-07 11:16:18,651,tie_silencer,resistance,4,4,3,8,Shili
2024-02-07 11:16:17,652,at-st,resistance,3,5,6,7,Ojom
2024-02-07 11:16:16,653,at-at,resistance,8,10,8,6,Shili
2024-02-07 11:16:15,654,at-at,empire,4,2,5,9,Ojom
2024-02-07 11:16:14,655,tie_fighter,resistance,9,4,5,2,Alderaan
2024-02-07 11:16:13,656,stormtrooper,empire,3,9,4,7,Vulpter
2024-02-07 11:16:12,657,stormtrooper,empire,4,7,7,10,Muunilinst
2024-02-07 11:16:11,658,unknown,resistance,2,7,5,2,Mirial
2024-02-07 11:16:10,659,tie_silencer,empire,3,3,9,5,Tholoth
2024-02-07 11:16:09,660,tie_silencer,resistance,8,10,2,6,Ojom
2024-02-07 11:16:08,661,unknown,resistance,5,2,1,2,Trandosha
2024-02-07 11:16:07,662,at-st,empire,1,1,7,7,Dorin
2024-02-07 11:16:06,663,tie_silencer,empire,9,7,1,10,Malastare
2024-02-07 11:16:05,664,x-wing,resistance,7,2,9,8,Corellia
2024-02-07 11:16:04,665,x-wing,resistance,2,3,6,1,Bestine IV
2024-02-07 11:16:03,666,tie_silencer,empire,7,5,6,3,Tatooine
2024-02-07 11:16:02,667,resistance_soldier,empire,4,6,3,1,Rodia
2024-02-07 11:16:01,668,resistance_soldier,resistance,3,4,5,4,Ryloth
2024-02-07 11:16:00,669,x-wing,empire,10,8,8,7,Glee Anselm
2024-02-07 11:15:59,670,resistance_soldier,resistance,1,7,4,7,Alderaan
2024-02-07 11:15:58,671,tie_silencer,empire,2,10,1,7,Kalee
2024-02-07 11:15:57,672,x-wing,empire,3,9,5,2,Ojom
2024-02-07 11:15:56,673,at-st,resistance,5,6,5,10,Sullust
2024-02-07 11:15:55,674,at-st,resistance,1,10,2,1,Shili
2024-02-07 11:15:54,675,tie_silencer,resistance,4,1,10,8,Champala
2024-02-07 11:15:53,676,unknown,resistance,10,4,3,6,Ojom
2024-02-07 11:15:52,677,stormtrooper,empire,6,6,7,10,Umbara
2024-02-07 11:15:51,678,tie_silencer,empire,4,10,3,9,Toydaria
2024-02-07 11:15:50,679,at-st,resistance,7,2,2,4,Dathomir
2024-02-07 11:15:49,680,resistance_soldier,empire,9,10,9,5,Stewjon
2024-02-07 11:15:48,681,unknown,empire,9,6,5,5,Skako
2024-02-07 11:15:47,682,at-st,empire,4,9,1,7,Dagobah
2024-02-07 11:15:46,683,x-wing,resistance,8,2,6,9,Trandosha
2024-02-07 11:15:45,684,x-wing,resistance,9,5,5,7,Iridonia
2024-02-07 11:15:44,685,x-wing,empire,1,9,8,4,Dagobah
2024-02-07 11:15:43,686,resistance_soldier,resistance,3,9,10,10,Sullust
2024-02-07 11:15:42,687,at-at,resistance,10,10,3,9,Champala
2024-02-07 11:15:41,688,resistance_soldier,empire,5,10,5,10,Bestine IV
2024-02-07 11:15:40,689,tie_fighter,empire,5,4,6,1,Muunilinst
2024-02-07 11:15:39,690,resistance_soldier,empire,10,5,7,6,Socorro
2024-02-07 11:15:38,691,tie_fighter,resistance,9,9,8,1,Cerea
2024-02-07 11:15:37,692,tie_fighter,empire,1,10,4,5,Iktotch
2024-02-07 11:15:36,693,tie_fighter,resistance,4,5,2,8,Concord Dawn
2024-02-07 11:15:35,694,unknown,resistance,9,4,6,7,Naboo
2024-02-07 11:15:34,695,resistance_soldier,empire,6,2,9,8,Bestine IV
2024-02-07 11:15:33,696,tie_fighter,empire,1,1,8,2,Skako
2024-02-07 11:15:32,697,at-at,resistance,10,8,2,2,Cerea
2024-02-07 11:15:31,698,resistance_soldier,empire,10,2,6,1,Shili
2024-02-07 11:15:30,699,at-st,empire,8,4,1,6,Kalee
2024-02-07 11:15:29,700,at-st,empire,7,10,1,7,Stewjon
2024-02-07 11:15:28,701,unknown,empire,6,1,6,10,Trandosha
2024-02-07 11:15:27,702,tie_fighter,empire,6,10,10,6,Tund
2024-02-07 11:15:26,703,unknown,resistance,1,9,6,2,Zolan
2024-02-07 11:15:25,704,stormtrooper,resistance,7,1,4,1,Umbara
2024-02-07 11:15:24,705,at-at,resistance,1,1,3,8,Mon Cala
2024-02-07 11:15:23,706,x-wing,empire,6,8,2,10,Eriadu
2024-02-07 11:15:22,707,at-at,empire,10,2,7,3,Dagobah
2024-02-07 11:15:21,708,tie_silencer,empire,3,4,6,3,Serenno
2024-02-07 11:15:20,709,x-wing,empire,8,3,7,6,Bestine IV
2024-02-07 11:15:19,710,tie_silencer,resistance,9,7,8,5,Iktotch
2024-02-07 11:15:18,711,x-wing,resistance,4,6,9,5,Shili
2024-02-07 11:15:17,712,at-st,empire,5,3,6,7,Bestine IV
2024-02-07 11:15:16,713,resistance_soldier,resistance,2,9,3,5,Chandrila
2024-02-07 11:15:15,714,resistance_soldier,empire,6,3,2,9,Stewjon
2024-02-07 11:15:14,715,x-wing,empire,8,6,10,9,Mirial
2024-02-07 11:15:13,716,tie_silencer,empire,1,3,4,5,Eriadu
2024-02-07 11:15:12,717,x-wing,resistance,3,2,1,10,Zolan
2024-02-07 11:15:11,718,at-st,resistance,1,8,4,9,Vulpter
2024-02-07 11:15:10,719,resistance_soldier,empire,3,1,2,4,Stewjon
2024-02-07 11:15:09,720,x-wing,resistance,4,6,9,2,Aleen Minor
2024-02-07 11:15:08,721,unknown,empire,1,7,2,10,Eriadu
2024-02-07 11:15:07,722,at-st,empire,8,2,7,9,Toydaria
2024-02-07 11:15:06,723,tie_silencer,empire,3,1,9,7,Dorin
2024-02-07 11:15:05,724,resistance_soldier,resistance,3,2,6,2,Skako
2024-02-07 11:15:04,725,tie_fighter,resistance,2,6,6,10,Cerea
2024-02-07 11:15:03,726,tie_silencer,resistance,8,9,8,9,Cerea
2024-02-07 11:15:02,727,resistance_soldier,resistance,10,3,4,7,Dorin
2024-02-07 11:15:01,728,tie_fighter,resistance,5,10,10,5,Glee Anselm
2024-02-07 11:15:00,729,x-wing,empire,9,10,6,8,Cerea
2024-02-07 11:14:59,730,unknown,resistance,9,5,3,9,Trandosha
2024-02-07 11:14:58,731,stormtrooper,empire,2,9,7,2,Serenno
2024-02-07 11:14:57,732,stormtrooper,empire,10,5,8,7,Dorin
2024-02-07 11:14:56,733,at-at,empire,4,6,6,10,Ojom
2024-02-07 11:14:55,734,at-at,resistance,1,4,8,1,Chandrila
2024-02-07 11:14:54,735,tie_silencer,resistance,2,7,1,2,Haruun Kal
2024-02-07 11:14:53,736,at-at,resistance,7,1,6,3,Kashyyyk
2024-02-07 11:14:52,737,x-wing,empire,1,10,3,7,Ojom
2024-02-07 11:14:51,738,resistance_soldier,empire,9,1,4,7,Dorin
2024-02-07 11:14:50,739,tie_fighter,resistance,1,1,10,4,Troiken
2024-02-07 11:14:49,740,unknown,resistance,7,6,9,1,Sullust
2024-02-07 11:14:48,741,tie_silencer,empire,10,5,8,8,Tund
2024-02-07 11:14:47,742,stormtrooper,empire,8,4,8,4,Glee Anselm
2024-02-07 11:14:46,743,unknown,empire,4,9,9,4,Tatooine
2024-02-07 11:14:45,744,tie_silencer,empire,10,3,2,4,Tund
2024-02-07 11:14:44,745,at-st,resistance,6,2,2,10,Vulpter
2024-02-07 11:14:43,746,resistance_soldier,empire,10,5,10,9,Skako
2024-02-07 11:14:42,747,x-wing,empire,2,4,2,7,Malastare
2024-02-07 11:14:41,748,resistance_soldier,empire,6,10,9,1,Eriadu
2024-02-07 11:14:40,749,stormtrooper,resistance,3,2,2,8,Kalee
2024-02-07 11:14:39,750,tie_fighter,resistance,6,7,10,10,Toydaria
2024-02-07 11:14:38,751,resistance_soldier,resistance,8,2,2,5,Tatooine
2024-02-07 11:14:37,752,at-st,resistance,3,6,2,5,Cerea
2024-02-07 11:14:36,753,at-st,resistance,2,7,9,5,Socorro
2024-02-07 11:14:35,754,unknown,empire,2,9,9,2,Iridonia
2024-02-07 11:14:34,755,x-wing,empire,9,7,6,4,Muunilinst
2024-02-07 11:14:33,756,at-at,empire,6,10,9,3,Umbara
2024-02-07 11:14:32,757,x-wing,empire,6,9,2,4,Glee Anselm
2024-02-07 11:14:31,758,tie_fighter,empire,10,3,3,5,Tund
2024-02-07 11:14:30,759,resistance_soldier,empire,1,8,6,10,Ryloth
2024-02-07 11:14:29,760,at-st,resistance,4,1,9,2,Iktotch
2024-02-07 11:14:28,761,tie_fighter,empire,10,8,5,6,Ojom
2024-02-07 11:14:27,762,tie_fighter,empire,1,7,3,1,Skako
2024-02-07 11:14:26,763,at-st,empire,8,4,9,1,Serenno
2024-02-07 11:14:25,764,resistance_soldier,empire,10,4,8,9,Corellia
2024-02-07 11:14:24,765,x-wing,empire,4,8,2,5,Ojom
2024-02-07 11:14:23,766,tie_silencer,empire,8,1,3,2,Trandosha
2024-02-07 11:14:22,767,resistance_soldier,empire,2,4,7,8,Kalee
2024-02-07 11:14:21,768,at-st,empire,5,7,10,2,Glee Anselm
2024-02-07 11:14:20,769,tie_fighter,empire,10,10,9,7,Eriadu
2024-02-07 11:14:19,770,stormtrooper,empire,7,1,5,8,Trandosha
2024-02-07 11:14:18,771,resistance_soldier,empire,3,1,1,1,Muunilinst
2024-02-07 11:14:17,772,x-wing,empire,6,10,10,7,Bestine IV
2024-02-07 11:14:16,773,at-st,empire,4,10,2,10,Skako
2024-02-07 11:14:15,774,tie_fighter,resistance,3,5,1,10,Socorro
2024-02-07 11:14:14,775,at-at,resistance,2,3,4,4,Cerea
2024-02-07 11:14:13,776,x-wing,resistance,1,5,6,2,Cerea
2024-02-07 11:14:12,777,tie_fighter,empire,2,3,7,3,Haruun Kal
2024-02-07 11:14:11,778,tie_silencer,empire,2,6,1,4,Trandosha
2024-02-07 11:14:10,779,at-st,resistance,3,6,7,4,Ojom
2024-02-07 11:14:09,780,tie_silencer,resistance,3,3,3,3,Shili
2024-02-07 11:14:08,781,at-st,resistance,6,5,6,7,Tatooine
2024-02-07 11:14:07,782,unknown,empire,1,6,6,1,Champala
2024-02-07 11:14:06,783,stormtrooper,resistance,3,7,8,3,Dorin
2024-02-07 11:14:05,784,resistance_soldier,resistance,9,1,1,2,Ojom
2024-02-07 11:14:04,785,at-at,resistance,3,9,4,1,Kashyyyk
2024-02-07 11:14:03,786,at-st,resistance,2,7,7,10,Sullust
2024-02-07 11:14:02,787,unknown,empire,9,4,3,8,Socorro
2024-02-07 11:14:01,788,tie_fighter,resistance,9,10,10,10,Troiken
2024-02-07 11:14:00,789,at-st,empire,4,7,4,10,Dorin
2024-02-07 11:13:59,790,tie_silencer,empire,10,9,6,9,Tatooine
2024-02-07 11:13:58,791,at-at,resistance,10,3,1,3,Dathomir
2024-02-07 11:13:57,792,at-at,resistance,7,4,2,3,Shili
2024-02-07 11:13:56,793,x-wing,resistance,3,7,6,10,Ryloth
2024-02-07 11:13:55,794,at-st,resistance,1,7,9,10,Mon Cala
2024-02-07 11:13:54,795,at-st,resistance,4,1,8,6,Dathomir
2024-02-07 11:13:53,796,at-at,empire,3,4,6,2,Stewjon
2024-02-07 11:13:52,797,tie_fighter,empire,1,4,4,2,Toydaria
2024-02-07 11:13:51,798,x-wing,resistance,8,5,8,6,Mon Cala
2024-02-07 11:13:50,799,tie_fighter,empire,4,7,9,1,Dathomir
2024-02-07 11:13:49,800,at-at,empire,7,5,5,7,Bestine IV
2024-02-07 11:13:48,801,unknown,empire,8,7,8,2,Ojom
2024-02-07 11:13:47,802,x-wing,resistance,10,5,5,2,Dathomir
2024-02-07 11:13:46,803,tie_silencer,empire,6,7,9,2,Concord Dawn
2024-02-07 11:13:45,804,at-at,resistance,5,3,10,10,Troiken
2024-02-07 11:13:44,805,tie_silencer,resistance,4,8,3,4,Tatooine
2024-02-07 11:13:43,806,unknown,empire,6,6,9,1,Corellia
2024-02-07 11:13:42,807,x-wing,resistance,5,4,4,6,Cerea
2024-02-07 11:13:41,808,unknown,empire,2,3,7,5,Cerea
2024-02-07 11:13:40,809,stormtrooper,empire,10,5,6,5,Trandosha
2024-02-07 11:13:39,810,at-at,empire,4,1,5,1,Trandosha
2024-02-07 11:13:38,811,tie_silencer,resistance,1,9,1,5,Iridonia
2024-02-07 11:13:37,812,stormtrooper,empire,5,3,5,10,Malastare
2024-02-07 11:13:36,813,unknown,resistance,6,1,10,4,Sullust
2024-02-07 11:13:35,814,unknown,empire,8,10,7,5,Quermia
2024-02-07 11:13:34,815,unknown,empire,6,9,8,3,Umbara
2024-02-07 11:13:33,816,at-st,resistance,6,6,7,6,Ojom
2024-02-07 11:13:32,817,at-at,empire,2,4,4,2,Eriadu
2024-02-07 11:13:31,818,resistance_soldier,resistance,8,3,2,7,Tatooine
2024-02-07 11:13:30,819,tie_silencer,resistance,10,3,5,8,Muunilinst
2024-02-07 11:13:29,820,stormtrooper,empire,6,10,7,3,Sullust
2024-02-07 11:13:28,821,resistance_soldier,empire,8,8,7,3,Iktotch
2024-02-07 11:13:27,822,tie_silencer,empire,1,9,5,8,Stewjon
2024-02-07 11:13:26,823,at-at,empire,2,5,3,3,Dorin
2024-02-07 11:13:25,824,x-wing,empire,10,7,7,7,Cerea
2024-02-07 11:13:24,825,tie_silencer,empire,7,7,2,8,Trandosha
2024-02-07 11:13:23,826,stormtrooper,resistance,6,10,6,6,Ryloth
2024-02-07 11:13:22,827,at-at,empire,8,1,3,2,Haruun Kal
2024-02-07 11:13:21,828,tie_fighter,empire,1,6,3,9,Serenno
2024-02-07 11:13:20,829,tie_silencer,empire,7,7,6,10,Dagobah
2024-02-07 11:13:19,830,at-at,empire,7,1,9,2,Haruun Kal
2024-02-07 11:13:18,831,tie_silencer,empire,7,10,3,8,Troiken
2024-02-07 11:13:17,832,at-at,resistance,8,10,2,5,Dathomir
2024-02-07 11:13:16,833,unknown,resistance,8,4,8,4,Rodia
2024-02-07 11:13:15,834,tie_silencer,resistance,7,6,5,9,Trandosha
2024-02-07 11:13:14,835,resistance_soldier,resistance,7,8,4,9,Kashyyyk
2024-02-07 11:13:13,836,at-st,resistance,4,8,6,7,Umbara
2024-02-07 11:13:12,837,stormtrooper,empire,4,2,4,9,Muunilinst
2024-02-07 11:13:11,838,at-at,empire,8,6,2,10,Corellia
2024-02-07 11:13:10,839,at-at,empire,1,8,8,5,Stewjon
2024-02-07 11:13:09,840,resistance_soldier,empire,5,7,10,7,Ojom
2024-02-07 11:13:08,841,at-st,resistance,1,8,5,5,Mirial
2024-02-07 11:13:07,842,resistance_soldier,empire,7,3,1,10,Toydaria
2024-02-07 11:13:06,843,tie_fighter,empire,1,10,6,1,Rodia
2024-02-07 11:13:05,844,at-st,resistance,10,5,3,5,Champala
2024-02-07 11:13:04,845,unknown,empire,4,7,1,6,Muunilinst
2024-02-07 11:13:03,846,resistance_soldier,resistance,10,9,2,8,Haruun Kal
2024-02-07 11:13:02,847,tie_fighter,empire,8,9,3,4,Tatooine
2024-02-07 11:13:01,848,unknown,empire,4,1,4,9,Umbara
2024-02-07 11:13:00,849,at-st,empire,2,4,7,10,Trandosha
2024-02-07 11:12:59,850,tie_fighter,resistance,10,5,7,9,Iridonia
2024-02-07 11:12:58,851,at-st,empire,7,2,6,6,Muunilinst
2024-02-07 11:12:57,852,at-at,resistance,7,6,9,1,Rodia
2024-02-07 11:12:56,853,at-st,resistance,3,10,7,10,Trandosha
2024-02-07 11:12:55,854,resistance_soldier,resistance,3,5,6,8,Mon Cala
2024-02-07 11:12:54,855,tie_fighter,resistance,4,9,6,9,Umbara
2024-02-07 11:12:53,856,x-wing,resistance,10,7,6,4,Cerea
2024-02-07 11:12:52,857,at-at,resistance,10,4,1,1,Umbara
2024-02-07 11:12:51,858,resistance_soldier,resistance,3,9,7,6,Champala
2024-02-07 11:12:50,859,at-st,resistance,10,6,9,7,Naboo
2024-02-07 11:12:49,860,x-wing,empire,9,10,2,10,Kalee
2024-02-07 11:12:48,861,at-st,resistance,3,7,4,7,Tholoth
2024-02-07 11:12:47,862,tie_silencer,empire,2,2,2,10,Dagobah
2024-02-07 11:12:46,863,at-at,resistance,1,5,3,7,Ryloth
2024-02-07 11:12:45,864,at-st,empire,3,7,3,4,Kalee
2024-02-07 11:12:44,865,x-wing,resistance,2,9,1,7,Kashyyyk
2024-02-07 11:12:43,866,stormtrooper,empire,7,3,1,8,Shili
2024-02-07 11:12:42,867,resistance_soldier,empire,3,7,3,10,Iktotch
2024-02-07 11:12:41,868,tie_fighter,resistance,8,7,7,9,Tund
2024-02-07 11:12:40,869,at-at,empire,6,9,6,3,Socorro
2024-02-07 11:12:39,870,unknown,empire,7,5,6,5,Toydaria
2024-02-07 11:12:38,871,unknown,resistance,7,5,6,6,Mon Cala
2024-02-07 11:12:37,872,resistance_soldier,resistance,2,2,3,6,Glee Anselm
2024-02-07 11:12:36,873,resistance_soldier,empire,3,4,6,9,Kalee
2024-02-07 11:12:35,874,tie_fighter,empire,3,10,9,2,Quermia
2024-02-07 11:12:34,875,at-st,resistance,8,1,10,10,Tatooine
2024-02-07 11:12:33,876,resistance_soldier,empire,7,1,1,10,Serenno
2024-02-07 11:12:32,877,unknown,empire,1,8,8,4,Tund
2024-02-07 11:12:31,878,tie_fighter,empire,7,4,1,4,Mirial
2024-02-07 11:12:30,879,at-st,resistance,4,10,6,9,Haruun Kal
2024-02-07 11:12:29,880,at-at,empire,2,9,7,8,Mon Cala
2024-02-07 11:12:28,881,x-wing,empire,5,9,2,6,Bestine IV
2024-02-07 11:12:27,882,unknown,resistance,6,8,8,4,Chandrila
2024-02-07 11:12:26,883,at-at,empire,7,7,1,10,Malastare
2024-02-07 11:12:25,884,unknown,empire,9,4,3,1,Kalee
2024-02-07 11:12:24,885,at-at,resistance,10,2,6,1,Haruun Kal
2024-02-07 11:12:23,886,at-st,resistance,5,8,10,2,Dathomir
2024-02-07 11:12:22,887,x-wing,resistance,3,6,3,5,Mirial
2024-02-07 11:12:21,888,at-st,resistance,1,9,9,9,Socorro
2024-02-07 11:12:20,889,x-wing,empire,7,8,7,9,Malastare
2024-02-07 11:12:19,890,stormtrooper,resistance,6,7,7,4,Tholoth
2024-02-07 11:12:18,891,at-st,resistance,6,6,10,2,Cerea
2024-02-07 11:12:17,892,at-st,resistance,7,10,4,7,Kalee
2024-02-07 11:12:16,893,at-st,resistance,6,3,4,3,Shili
2024-02-07 11:12:15,894,resistance_soldier,resistance,6,10,5,3,Mirial
2024-02-07 11:12:14,895,unknown,empire,5,10,8,8,Iridonia
2024-02-07 11:12:13,896,tie_fighter,resistance,2,5,4,6,Kashyyyk
2024-02-07 11:12:12,897,tie_silencer,empire,5,1,5,9,Skako
2024-02-07 11:12:11,898,tie_silencer,empire,5,7,8,1,Skako
2024-02-07 11:12:10,899,unknown,empire,7,10,1,3,Skako
2024-02-07 11:12:09,900,stormtrooper,resistance,2,10,10,6,Dathomir
2024-02-07 11:12:08,901,stormtrooper,empire,10,8,7,8,Tund
2024-02-07 11:12:07,902,tie_silencer,resistance,5,4,8,10,Ryloth
2024-02-07 11:12:06,903,x-wing,empire,6,8,5,3,Umbara
2024-02-07 11:12:05,904,tie_silencer,empire,7,7,3,8,Dagobah
2024-02-07 11:12:04,905,at-at,empire,8,1,5,4,Zolan
2024-02-07 11:12:03,906,stormtrooper,empire,4,4,8,1,Quermia
2024-02-07 11:12:02,907,stormtrooper,empire,5,9,1,7,Kalee
2024-02-07 11:12:01,908,x-wing,empire,9,5,1,7,Umbara
2024-02-07 11:12:00,909,at-st,resistance,10,7,5,3,Ryloth
2024-02-07 11:11:59,910,tie_silencer,empire,5,9,1,3,Stewjon
2024-02-07 11:11:58,911,tie_silencer,empire,1,9,1,7,Quermia
2024-02-07 11:11:57,912,tie_silencer,empire,6,6,1,3,Muunilinst
2024-02-07 11:11:56,913,at-at,resistance,6,1,2,1,Ryloth
2024-02-07 11:11:55,914,tie_silencer,resistance,1,8,5,1,Iktotch
2024-02-07 11:11:54,915,stormtrooper,empire,4,4,4,3,Tund
2024-02-07 11:11:53,916,x-wing,resistance,8,5,1,9,Tholoth
2024-02-07 11:11:52,917,stormtrooper,empire,6,8,10,5,Aleen Minor
2024-02-07 11:11:51,918,resistance_soldier,empire,5,8,3,4,Serenno
2024-02-07 11:11:50,919,tie_silencer,empire,4,9,3,9,Socorro
2024-02-07 11:11:49,920,resistance_soldier,resistance,5,5,10,8,Iridonia
2024-02-07 11:11:48,921,stormtrooper,empire,5,3,1,9,Aleen Minor
2024-02-07 11:11:47,922,at-at,empire,9,6,10,10,Ryloth
2024-02-07 11:11:46,923,resistance_soldier,resistance,3,8,8,4,Haruun Kal
2024-02-07 11:11:45,924,at-at,empire,2,5,10,1,Rodia
2024-02-07 11:11:44,925,resistance_soldier,resistance,5,1,2,9,Stewjon
2024-02-07 11:11:43,926,unknown,resistance,1,7,9,9,Ryloth
2024-02-07 11:11:42,927,unknown,empire,2,3,1,6,Tholoth
2024-02-07 11:11:41,928,at-at,resistance,5,6,9,8,Aleen Minor
2024-02-07 11:11:40,929,resistance_soldier,empire,7,10,5,4,Serenno
2024-02-07 11:11:39,930,tie_silencer,empire,1,7,4,1,Dagobah
2024-02-07 11:11:38,931,tie_silencer,resistance,6,5,7,2,Kashyyyk
2024-02-07 11:11:37,932,unknown,resistance,6,2,2,8,Bestine IV
2024-02-07 11:11:36,933,at-st,resistance,9,8,4,7,Ryloth
2024-02-07 11:11:35,934,resistance_soldier,empire,1,9,8,9,Champala
2024-02-07 11:11:34,935,tie_silencer,empire,2,8,3,5,Dagobah
2024-02-07 11:11:33,936,at-st,empire,4,2,6,3,Serenno
2024-02-07 11:11:32,937,resistance_soldier,resistance,8,5,9,2,Socorro
2024-02-07 11:11:31,938,at-st,resistance,3,10,10,7,Kashyyyk
2024-02-07 11:11:30,939,tie_silencer,resistance,2,6,4,3,Chandrila
2024-02-07 11:11:29,940,resistance_soldier,empire,10,3,10,3,Dorin
2024-02-07 11:11:28,941,resistance_soldier,empire,7,5,6,5,Eriadu
2024-02-07 11:11:27,942,resistance_soldier,resistance,7,10,8,7,Haruun Kal
2024-02-07 11:11:26,943,resistance_soldier,resistance,2,9,2,9,Tholoth
2024-02-07 11:11:25,944,resistance_soldier,empire,1,4,6,4,Mirial
2024-02-07 11:11:24,945,at-at,empire,10,3,1,10,Trandosha
2024-02-07 11:11:23,946,tie_fighter,resistance,1,7,6,1,Iktotch
2024-02-07 11:11:22,947,x-wing,empire,10,8,10,4,Ojom
2024-02-07 11:11:21,948,at-st,resistance,6,10,10,4,Cerea
2024-02-07 11:11:20,949,resistance_soldier,resistance,3,2,10,10,Umbara
2024-02-07 11:11:19,950,resistance_soldier,resistance,5,9,2,10,Ryloth
2024-02-07 11:11:18,951,at-at,resistance,9,4,2,10,Umbara
2024-02-07 11:11:17,952,tie_silencer,empire,3,4,7,8,Socorro
2024-02-07 11:11:16,953,unknown,empire,2,5,7,3,Ojom
2024-02-07 11:11:15,954,at-st,resistance,6,4,1,6,Aleen Minor
2024-02-07 11:11:14,955,stormtrooper,resistance,10,7,6,2,Iridonia
2024-02-07 11:11:13,956,stormtrooper,resistance,8,4,2,6,Alderaan
2024-02-07 11:11:12,957,at-at,resistance,8,6,6,4,Bestine IV
2024-02-07 11:11:11,958,resistance_soldier,empire,8,4,1,7,Quermia
2024-02-07 11:11:10,959,unknown,empire,8,10,6,9,Tund
2024-02-07 11:11:09,960,tie_silencer,resistance,10,8,7,6,Mon Cala
2024-02-07 11:11:08,961,stormtrooper,empire,9,5,2,8,Corellia
2024-02-07 11:11:07,962,stormtrooper,empire,5,2,6,1,Dorin
2024-02-07 11:11:06,963,resistance_soldier,empire,3,2,2,10,Muunilinst
2024-02-07 11:11:05,964,stormtrooper,empire,7,6,7,3,Stewjon
2024-02-07 11:11:04,965,resistance_soldier,resistance,6,5,5,6,Champala
2024-02-07 11:11:03,966,at-st,empire,2,5,4,2,Dagobah
2024-02-07 11:11:02,967,x-wing,resistance,2,3,7,9,Zolan
2024-02-07 11:11:01,968,x-wing,empire,8,1,1,6,Malastare
2024-02-07 11:11:00,969,tie_silencer,empire,4,9,2,5,Corellia
2024-02-07 11:10:59,970,tie_silencer,empire,4,4,9,4,Zolan
2024-02-07 11:10:58,971,resistance_soldier,empire,10,4,8,10,Ryloth
2024-02-07 11:10:57,972,unknown,empire,1,7,2,4,Mirial
2024-02-07 11:10:56,973,tie_silencer,empire,10,2,6,6,Muunilinst
2024-02-07 11:10:55,974,tie_fighter,resistance,2,8,7,4,Dorin
2024-02-07 11:10:54,975,resistance_soldier,resistance,6,4,4,1,Trandosha
2024-02-07 11:10:53,976,x-wing,resistance,5,4,5,2,Iktotch
2024-02-07 11:10:52,977,resistance_soldier,empire,9,2,2,2,Cerea
2024-02-07 11:10:51,978,stormtrooper,resistance,8,7,7,5,Rodia
2024-02-07 11:10:50,979,tie_fighter,resistance,3,4,7,2,Tund
2024-02-07 11:10:49,980,tie_fighter,resistance,7,3,4,4,Malastare
2024-02-07 11:10:48,981,at-st,resistance,2,2,10,8,Ojom
2024-02-07 11:10:47,982,tie_silencer,empire,10,7,7,3,Toydaria
2024-02-07 11:10:46,983,tie_silencer,empire,7,4,3,4,Trandosha
2024-02-07 11:10:45,984,at-st,empire,8,10,9,3,Tholoth
2024-02-07 11:10:44,985,at-st,empire,2,7,8,1,Stewjon
2024-02-07 11:10:43,986,tie_silencer,empire,2,5,7,8,Serenno
2024-02-07 11:10:42,987,at-st,resistance,3,5,10,1,Chandrila
2024-02-07 11:10:41,988,x-wing,resistance,5,5,6,10,Dorin
2024-02-07 11:10:40,989,resistance_soldier,resistance,10,8,4,6,Trandosha
2024-02-07 11:10:39,990,stormtrooper,resistance,4,5,9,1,Champala
2024-02-07 11:10:38,991,tie_fighter,empire,3,10,6,9,Muunilinst
2024-02-07 11:10:37,992,stormtrooper,empire,5,3,4,4,Corellia
2024-02-07 11:10:36,993,resistance_soldier,empire,9,3,3,8,Serenno
2024-02-07 11:10:35,994,x-wing,empire,6,1,4,5,Glee Anselm
2024-02-07 11:10:34,995,unknown,resistance,1,4,7,7,Shili
2024-02-07 11:10:33,996,at-st,empire,5,1,9,4,Malastare
2024-02-07 11:10:32,997,at-at,resistance,10,1,3,9,Iktotch
2024-02-07 11:10:31,998,x-wing,resistance,8,5,8,9,Aleen Minor
2024-02-07 11:10:30,999,x-wing,resistance,5,6,1,2,Aleen Minor
2024-02-07 11:10:29,1000,resistance_soldier,resistance,8,7,3,10,Ojom
